--POPULATE TEST DATA
INSERT INTO CUSTOMER(ID, CUST_NAME, EMAIL, CITY, STATE, ZIP) VALUES (1,'Cecilia Martinez','test1@gmail.com','Chicago','IL',60640);
INSERT INTO CUSTOMER(ID, CUST_NAME, EMAIL, CITY, STATE, ZIP) VALUES (2,'Sam Burns','test2@gmail.com','Shirley','NY',11967);
INSERT INTO CUSTOMER(ID, CUST_NAME, EMAIL, CITY, STATE, ZIP) VALUES (3,'Bonnie Chang','test3@gmail.com','Dearborn','MI',48124);
INSERT INTO CUSTOMER(ID, CUST_NAME, EMAIL, CITY, STATE, ZIP) VALUES (4,'Jason Stevenson','test4@gmail.com','St. Louis','MO',63109);

INSERT INTO VENUE(ID, VENUE_NAME, CITY, STATE, ZIP) VALUES (1,'venue1','St. Louis','MO',63109);
INSERT INTO VENUE(ID, VENUE_NAME, CITY, STATE, ZIP) VALUES (2,'venue2','Chicago','IL',60640);

INSERT INTO EVENT(ID, DESCRIPTION, EVENT_DATE, CITY, STATE, ZIP) VALUES (107,'concert107', PARSEDATETIME ('01-15-16 19:00:00','MM-dd-yy hh:mm:ss'),'St. Louis','MO',63109);
INSERT INTO EVENT(ID, DESCRIPTION, EVENT_DATE, CITY, STATE, ZIP) VALUES (162,'concert162', PARSEDATETIME ('05-01-18 19:00:00','MM-dd-yy hh:mm:ss'),'Chicago','IL',60640);
INSERT INTO EVENT(ID, DESCRIPTION, EVENT_DATE, CITY, STATE, ZIP) VALUES (164,'concert164', PARSEDATETIME ('05-10-18 20:00:00','MM-dd-yy hh:mm:ss'),'Chicago','IL',60640);

INSERT INTO VENUE_EVENT(ID,VENUE_ID, EVENT_ID) VALUES(1,1,107);
INSERT INTO VENUE_EVENT(ID,VENUE_ID, EVENT_ID) VALUES(2,2,162);
INSERT INTO VENUE_EVENT(ID,VENUE_ID, EVENT_ID) VALUES(3,2,164);

INSERT INTO REFERRAL(ID,CUSTOMER_ID, VISIT_DATE, SOURCE) VALUES(1,1, PARSEDATETIME ('01-01-14 20:00:00','MM-dd-yy hh:mm:ss'),'DIRECT');
INSERT INTO REFERRAL(ID,CUSTOMER_ID, VISIT_DATE, SOURCE) VALUES(2,1, PARSEDATETIME ('03-10-14 20:00:00','MM-dd-yy hh:mm:ss'),'GOOGLE');
INSERT INTO REFERRAL(ID,CUSTOMER_ID, VISIT_DATE, SOURCE) VALUES(3,4, PARSEDATETIME ('06-10-14 20:00:00','MM-dd-yy hh:mm:ss'),'DIRECT');
INSERT INTO REFERRAL(ID,CUSTOMER_ID, VISIT_DATE, SOURCE) VALUES(4,4, PARSEDATETIME ('07-12-14 20:00:00','MM-dd-yy hh:mm:ss'),'DIRECT');
